<?xml version="1.0" encoding="UTF-8"?>
<project-private xmlns="http://www.netbeans.org/ns/project-private/1">
    <editor-bookmarks xmlns="http://www.netbeans.org/ns/editor-bookmarks/2" lastBookmarkId="0"/>
    <open-files xmlns="http://www.netbeans.org/ns/projectui-open-files/2">
        <group>
            <file>file:/D:/Freelancer/Tugas%20Erpan/Tugas%20Kelompok/inventoryapps/src/datauser/UserController.java</file>
            <file>file:/D:/Freelancer/Tugas%20Erpan/Tugas%20Kelompok/inventoryapps/src/datadetailtransaksi/DetailTransaksi.java</file>
            <file>file:/D:/Freelancer/Tugas%20Erpan/Tugas%20Kelompok/inventoryapps/src/datakategori/KategoriController.java</file>
            <file>file:/D:/Freelancer/Tugas%20Erpan/Tugas%20Kelompok/inventoryapps/src/databarang/Barang.java</file>
            <file>file:/D:/Freelancer/Tugas%20Erpan/Tugas%20Kelompok/inventoryapps/src/form/FormRequestPeminjaman.java</file>
            <file>file:/D:/Freelancer/Tugas%20Erpan/Tugas%20Kelompok/inventoryapps/src/main/Login.java</file>
            <file>file:/D:/Freelancer/Tugas%20Erpan/Tugas%20Kelompok/inventoryapps/src/databarang/TabelModelBarang.java</file>
            <file>file:/D:/Freelancer/Tugas%20Erpan/Tugas%20Kelompok/inventoryapps/src/form/FormDashboardAdminOperator.java</file>
            <file>file:/D:/Freelancer/Tugas%20Erpan/Tugas%20Kelompok/inventoryapps/src/datatransaksi/TransaksiController.java</file>
            <file>file:/D:/Freelancer/Tugas%20Erpan/Tugas%20Kelompok/inventoryapps/src/datadetailtransaksi/DetailTransaksiController.java</file>
            <file>file:/D:/Freelancer/Tugas%20Erpan/Tugas%20Kelompok/inventoryapps/src/form/FormMasterBarang.java</file>
            <file>file:/D:/Freelancer/Tugas%20Erpan/Tugas%20Kelompok/inventoryapps/src/form/FormMasterSatuan.java</file>
            <file>file:/D:/Freelancer/Tugas%20Erpan/Tugas%20Kelompok/inventoryapps/src/form/FormListBarang.java</file>
            <file>file:/D:/Freelancer/Tugas%20Erpan/Tugas%20Kelompok/inventoryapps/src/form/FormMasterKategori.java</file>
            <file>file:/D:/Freelancer/Tugas%20Erpan/Tugas%20Kelompok/inventoryapps/src/datauser/User.java</file>
            <file>file:/D:/Freelancer/Tugas%20Erpan/Tugas%20Kelompok/inventoryapps/src/form/FormDashboardPeminjam.java</file>
            <file>file:/D:/Freelancer/Tugas%20Erpan/Tugas%20Kelompok/inventoryapps/src/databarang/BarangController.java</file>
            <file>file:/D:/Freelancer/Tugas%20Erpan/Tugas%20Kelompok/inventoryapps/src/connection/DatabaseConnection.java</file>
            <file>file:/D:/Freelancer/Tugas%20Erpan/Tugas%20Kelompok/inventoryapps/src/main/MainMenu.java</file>
        </group>
    </open-files>
</project-private>
